Sample,,short1,short2
Relationship,,Mutated,Mutated
Position,Base,,
341,A,0.027492,0.027804
345,A,0.209368,0.146168
346,C,0.166392,0.107136
348,A,0.150782,0.108065
351,A,0.045309,0.03028
352,C,0.01406,0.011508
355,A,0.048015,0.034879
359,C,0.004787,0.010161
362,C,0.039893,0.049854
364,A,0.023213,0.018294
365,C,0.020954,0.014343
366,A,0.021494,0.037802
370,C,0.019071,0.005705
376,A,0.051116,0.022986
378,A,0.045948,0.021759
383,C,0.031642,0.026592
397,C,0.049058,0.019704
