,cluster-3-2,cluster-3-3,cluster-3-1
A,0.4372294372294372,0.4545454545454545,0.5238095238095237
B,0.55859375,0.58203125,0.5625
C,0.688259109311741,0.7206477732793523,0.680161943319838
D,0.5108225108225108,0.5454545454545454,0.5108225108225108
E,0.7246963562753036,0.7489878542510121,0.631578947368421
F,0.9681818181818181,0.9681818181818181,0.8681818181818183
