,cluster-4-4,cluster-4-2,cluster-4-3,cluster-4-1
A,0.5541125541125541,0.4675324675324676,0.5108225108225108,0.4675324675324675
B,0.8671875,0.55078125,0.83203125,0.57421875
C,0.9271255060728745,0.6396761133603239,0.979757085020243,0.6963562753036437
D,0.34199134199134196,0.38961038961038963,0.32034632034632027,0.4588744588744589
E,0.5587044534412955,0.4251012145748988,0.5384615384615384,0.631578947368421
F,0.7181818181818183,0.6227272727272727,0.7409090909090909,0.9181818181818182
