,cluster-6-3,cluster-6-6,cluster-6-4,cluster-6-2,cluster-6-5,cluster-6-1
EX,0.4372294372294372,0.606060606060606,0.380952380952381,0.5194805194805194,1.0,0.5844155844155845
TR,0.5021645021645023,0.9090909090909091,0.6233766233766234,0.722943722943723,0.6839826839826839,0.316017316017316
LN,0.7165991902834008,0.37246963562753044,0.7125506072874495,0.5668016194331984,0.7206477732793524,0.9473684210526316
PK,0.9636363636363636,0.7363636363636364,0.9090909090909091,0.8772727272727272,0.6454545454545455,0.7090909090909091
