,cluster-3-2,cluster-3-3,cluster-3-1
EX,0.4372294372294372,0.4545454545454545,0.5238095238095237
TR,0.5108225108225108,0.5454545454545454,0.5108225108225108
LN,0.688259109311741,0.7206477732793523,0.680161943319838
PK,0.9681818181818181,0.9681818181818181,0.8681818181818183
