,cluster-4-2,cluster-4-3,cluster-4-1,cluster-4-4
EX,0.4632034632034632,0.6103896103896104,0.9956709956709956,0.49350649350649345
TR,0.5324675324675325,0.7705627705627704,0.7186147186147185,0.35064935064935066
LN,0.7327935222672066,0.5870445344129555,0.7044534412955465,0.8987854251012146
PK,0.9636363636363636,0.8136363636363637,0.6590909090909091,0.7363636363636363
