,cluster-6-3,cluster-6-6,cluster-6-4,cluster-6-2,cluster-6-5,cluster-6-1
A,0.4372294372294372,0.606060606060606,0.380952380952381,0.5194805194805194,1.0,0.5844155844155845
B,0.55078125,0.41796875,0.6171875,0.4921875,0.81640625,0.87109375
C,0.7165991902834008,0.37246963562753044,0.7125506072874495,0.5668016194331984,0.7206477732793524,0.9473684210526316
D,0.5021645021645023,0.9090909090909091,0.6233766233766234,0.722943722943723,0.6839826839826839,0.316017316017316
E,0.7044534412955465,0.846153846153846,0.8906882591093117,0.8137651821862348,0.562753036437247,0.5020242914979757
F,0.9636363636363636,0.7363636363636364,0.9090909090909091,0.8772727272727272,0.6454545454545455,0.7090909090909091
