,cluster-4-4,cluster-4-2,cluster-4-3,cluster-4-1
EX,0.5541125541125541,0.4675324675324676,0.5108225108225108,0.4675324675324675
TR,0.34199134199134196,0.38961038961038963,0.32034632034632027,0.4588744588744589
LN,0.9271255060728745,0.6396761133603239,0.979757085020243,0.6963562753036437
PK,0.7181818181818183,0.6227272727272727,0.7409090909090909,0.9181818181818182
