,cluster-4-2,cluster-4-1,cluster-4-3,cluster-4-4
A,0.5108225108225107,0.41125541125541126,0.4805194805194805,0.5367965367965367
B,0.67578125,0.52734375,0.48046875,0.8046875
C,0.8218623481781376,0.6842105263157895,0.5829959514170041,0.9190283400809716
D,0.46320346320346323,0.5281385281385281,0.6147186147186148,0.34632034632034636
E,0.6923076923076923,0.7246963562753037,0.7611336032388664,0.5384615384615385
F,0.9681818181818181,0.9681818181818181,0.9409090909090909,0.7363636363636363
